;Source;Instance;GA;Gurobi;Literature;GA Best Gap;Gurobi Best Gap;Literature Best Gap;GA Literature Gap;Gurobi Literature Gap;GA/Gurobi;GA/Literature;n_machines;n_operations;beta_flexibility;duration_variety
0;1_Brandimarte;1;40.0;40;40.0;0.0;0.0;0.0;0.0;0.0;o;o;6;55;0.3333333333333333;0.05217391304347826
1;1_Brandimarte;2;26.0;27;26.0;0.0;0.038461538461538464;0.0;0.0;0.038461538461538464;+;o;6;58;0.5833333333333334;0.025210084033613446
2;1_Brandimarte;3;204.0;204;204.0;0.0;0.0;0.0;0.0;0.0;o;o;8;150;0.375;0.037694013303769404
3;1_Brandimarte;4;60.0;60;60.0;0.0;0.0;0.0;0.0;0.0;o;o;8;90;0.25;0.05232558139534884
4;1_Brandimarte;5;173.0;173;172.0;0.005813953488372093;0.005813953488372093;0.0;0.005813953488372093;0.005813953488372093;o;-;4;106;0.375;0.027624309392265192
5;1_Brandimarte;6;63.0;64;58.0;0.08620689655172414;0.10344827586206896;0.0;0.08620689655172414;0.10344827586206896;+;-;10;150;0.3;0.018367346938775512
6;1_Brandimarte;7;141.0;144;139.0;0.014388489208633094;0.03597122302158273;0.0;0.014388489208633094;0.03597122302158273;+;-;5;100;0.6;0.06713780918727916
7;1_Brandimarte;8;523.0;523;523.0;0.0;0.0;0.0;0.0;0.0;o;o;10;225;0.15;0.037267080745341616
8;1_Brandimarte;9;320.0;310;307.0;0.04234527687296417;0.009771986970684038;0.0;0.04234527687296417;0.009771986970684038;-;-;10;240;0.3;0.026402640264026403
9;1_Brandimarte;10;247.0;217;197.0;0.25380710659898476;0.10152284263959391;0.0;0.25380710659898476;0.10152284263959391;-;-;15;240;0.2;0.0223463687150838
10;1_Brandimarte;11;614.0;626;615.0;0.0;0.019543973941368076;0.0016286644951140066;-0.0016260162601626016;0.01788617886178862;+;+;5;179;0.301675977653632;0.07037037037037037
11;1_Brandimarte;12;508.0;508;508.0;0.0;0.0;0.0;0.0;0.0;o;o;10;193;0.14922279792746102;0.0625
12;1_Brandimarte;13;434.0;431;430.0;0.009302325581395349;0.002325581395348837;0.0;0.009302325581395349;0.002325581395348837;-;-;10;231;0.336796536796537;0.02570694087403599
13;1_Brandimarte;14;694.0;694;694.0;0.0;0.0;0.0;0.0;0.0;o;o;15;277;0.103971119133574;0.041666666666666664
14;1_Brandimarte;15;414.0;358;341.0;0.21407624633431085;0.04985337243401759;0.0;0.21407624633431085;0.04985337243401759;-;-;15;284;0.202112676056338;0.023228803716608595
15;0_BehnkeGeiger;1;92.0;90;91.0;0.022222222222222223;0.0;0.011111111111111112;0.01098901098901099;-0.01098901098901099;-;-;20;50;0.304;0.06907894736842106
16;0_BehnkeGeiger;2;94.0;91;91.0;0.03296703296703297;0.0;0.0;0.03296703296703297;0.0;-;-;20;50;0.33599999999999997;0.0625
17;0_BehnkeGeiger;3;92.0;91;91.0;0.01098901098901099;0.0;0.0;0.01098901098901099;0.0;-;-;20;50;0.312;0.0673076923076923
18;0_BehnkeGeiger;4;99.0;97;97.0;0.020618556701030927;0.0;0.0;0.020618556701030927;0.0;-;-;20;50;0.33199999999999996;0.06325301204819277
19;0_BehnkeGeiger;5;93.0;91;91.0;0.02197802197802198;0.0;0.0;0.02197802197802198;0.0;-;-;20;50;0.308;0.06818181818181818
20;0_BehnkeGeiger;6;135.0;142;131.0;0.030534351145038167;0.08396946564885496;0.0;0.030534351145038167;0.08396946564885496;+;-;20;100;0.33399999999999996;0.03143712574850299
21;0_BehnkeGeiger;7;135.0;139;130.0;0.038461538461538464;0.06923076923076923;0.0;0.038461538461538464;0.06923076923076923;+;-;20;100;0.32599999999999996;0.032208588957055216
22;0_BehnkeGeiger;8;133.0;135;128.0;0.0390625;0.0546875;0.0;0.0390625;0.0546875;+;-;20;100;0.322;0.03260869565217391
23;0_BehnkeGeiger;9;134.0;130;129.0;0.03875968992248062;0.007751937984496124;0.0;0.03875968992248062;0.007751937984496124;-;-;20;100;0.322;0.03260869565217391
24;0_BehnkeGeiger;10;139.0;140;133.0;0.045112781954887216;0.05263157894736842;0.0;0.045112781954887216;0.05263157894736842;+;-;20;100;0.306;0.03431372549019608
25;0_BehnkeGeiger;11;312.0;294;259.0;0.20463320463320464;0.13513513513513514;0.0;0.20463320463320464;0.13513513513513514;-;-;20;250;0.321;0.013092269326683292
26;0_BehnkeGeiger;12;299.0;297;251.0;0.19123505976095617;0.18326693227091634;0.0;0.19123505976095617;0.18326693227091634;-;-;20;250;0.327;0.012836185819070905
27;0_BehnkeGeiger;13;314.0;277;252.0;0.24603174603174602;0.0992063492063492;0.0;0.24603174603174602;0.0992063492063492;-;-;20;250;0.3225;0.013027295285359801
28;0_BehnkeGeiger;14;313.0;302;258.0;0.2131782945736434;0.17054263565891473;0.0;0.2131782945736434;0.17054263565891473;-;-;20;250;0.305;0.013779527559055118
29;0_BehnkeGeiger;15;300.0;297;262.0;0.1450381679389313;0.13358778625954199;0.0;0.1450381679389313;0.13358778625954199;-;-;20;250;0.3135;0.013392857142857142
30;0_BehnkeGeiger;16;811.0;528;566.0;0.5359848484848485;0.0;0.07196969696969698;0.43286219081272087;-0.06713780918727916;-;-;20;500;0.3235;0.0064894932014833125
31;0_BehnkeGeiger;17;759.0;565;535.0;0.41869158878504675;0.056074766355140186;0.0;0.41869158878504675;0.056074766355140186;-;-;20;500;0.32;0.0065625
32;0_BehnkeGeiger;18;777.0;617;555.0;0.4;0.11171171171171171;0.0;0.4;0.11171171171171171;-;-;20;500;0.3165;0.00663716814159292
33;0_BehnkeGeiger;19;801.0;529;532.0;0.5141776937618148;0.0;0.005671077504725898;0.5056390977443609;-0.005639097744360902;-;-;20;500;0.3225;0.006513647642679901
34;0_BehnkeGeiger;20;768.0;515;522.0;0.4912621359223301;0.0;0.013592233009708738;0.47126436781609193;-0.013409961685823755;-;-;20;500;0.3165;0.00663716814159292
35;0_BehnkeGeiger;21;88.0;87;85.0;0.03529411764705882;0.023529411764705882;0.0;0.03529411764705882;0.023529411764705882;-;-;40;50;0.374;0.02807486631016043
36;0_BehnkeGeiger;22;88.0;87;87.0;0.011494252873563218;0.0;0.0;0.011494252873563218;0.0;-;-;40;50;0.32799999999999996;0.03201219512195122
37;0_BehnkeGeiger;23;86.0;85;86.0;0.011764705882352941;0.0;0.011764705882352941;0.0;-0.011627906976744186;-;o;40;50;0.348;0.03017241379310345
38;0_BehnkeGeiger;24;87.0;87;87.0;0.0;0.0;0.0;0.0;0.0;o;o;40;50;0.282;0.03723404255319149
39;0_BehnkeGeiger;25;88.0;87;87.0;0.011494252873563218;0.0;0.0;0.011494252873563218;0.0;-;-;40;50;0.284;0.03697183098591549
40;0_BehnkeGeiger;26;121.0;117;122.0;0.03418803418803419;0.0;0.042735042735042736;-0.00819672131147541;-0.040983606557377046;-;+;40;100;0.319;0.016457680250783698
41;0_BehnkeGeiger;27;131.0;129;132.0;0.015503875968992248;0.0;0.023255813953488372;-0.007575757575757576;-0.022727272727272728;-;+;40;100;0.298;0.01761744966442953
42;0_BehnkeGeiger;28;123.0;121;123.0;0.01652892561983471;0.0;0.01652892561983471;0.0;-0.016260162601626018;-;o;40;100;0.346;0.015173410404624277
43;0_BehnkeGeiger;29;122.0;124;125.0;0.0;0.01639344262295082;0.02459016393442623;-0.024;-0.008;+;+;40;100;0.34900000000000003;0.01504297994269341
44;0_BehnkeGeiger;30;129.0;123;127.0;0.04878048780487805;0.0;0.032520325203252036;0.015748031496062992;-0.031496062992125984;-;-;40;100;0.324;0.016203703703703703
45;0_BehnkeGeiger;31;270.0;269;272.0;0.0037174721189591076;0.0;0.011152416356877323;-0.007352941176470588;-0.011029411764705883;-;+;40;250;0.32325;0.006497524752475247
46;0_BehnkeGeiger;32;264.0;258;259.0;0.023255813953488372;0.0;0.003875968992248062;0.019305019305019305;-0.003861003861003861;-;-;40;250;0.30525;0.006880733944954129
47;0_BehnkeGeiger;33;264.0;246;245.0;0.07755102040816327;0.004081632653061225;0.0;0.07755102040816327;0.004081632653061225;-;-;40;250;0.3075;0.0068270481144343306
48;0_BehnkeGeiger;34;256.0;266;265.0;0.0;0.0390625;0.03515625;-0.033962264150943396;0.0037735849056603774;+;+;40;250;0.3085;0.006809338521400778
49;0_BehnkeGeiger;35;250.0;244;253.0;0.02459016393442623;0.0;0.036885245901639344;-0.011857707509881422;-0.03557312252964427;-;+;40;250;0.312;0.006730769230769231
50;0_BehnkeGeiger;36;527.0;465;531.0;0.13333333333333333;0.0;0.14193548387096774;-0.007532956685499058;-0.12429378531073447;-;+;40;500;0.31124999999999997;0.0033740359897172236
51;0_BehnkeGeiger;37;543.0;549;536.0;0.013059701492537313;0.024253731343283583;0.0;0.013059701492537313;0.024253731343283583;+;-;40;500;0.305;0.0034426229508196723
52;0_BehnkeGeiger;38;532.0;445;527.0;0.19550561797752808;0.0;0.1842696629213483;0.009487666034155597;-0.1555977229601518;-;-;40;500;0.31775000000000003;0.003303964757709251
53;0_BehnkeGeiger;39;555.0;466;516.0;0.19098712446351931;0.0;0.1072961373390558;0.0755813953488372;-0.09689922480620156;-;-;40;500;0.31275;0.003356777493606138
54;0_BehnkeGeiger;40;575.0;486;521.0;0.1831275720164609;0.0;0.0720164609053498;0.1036468330134357;-0.0671785028790787;-;-;40;500;0.301;0.0034883720930232558
55;0_BehnkeGeiger;41;87.0;87;87.0;0.0;0.0;0.0;0.0;0.0;o;o;60;50;0.37066666666666664;0.018884892086330936
56;0_BehnkeGeiger;42;88.0;87;87.0;0.011494252873563218;0.0;0.0;0.011494252873563218;0.0;-;-;60;50;0.2613333333333333;0.026785714285714284
57;0_BehnkeGeiger;43;88.0;86;86.0;0.023255813953488372;0.0;0.0;0.023255813953488372;0.0;-;-;60;50;0.32133333333333336;0.021784232365145227
58;0_BehnkeGeiger;44;86.0;84;85.0;0.023809523809523808;0.0;0.011904761904761904;0.011764705882352941;-0.011764705882352941;-;-;60;50;0.3266666666666667;0.02142857142857143
59;0_BehnkeGeiger;45;87.0;87;87.0;0.0;0.0;0.0;0.0;0.0;o;o;60;50;0.33999999999999997;0.020588235294117647
60;0_BehnkeGeiger;46;123.0;120;124.0;0.025;0.0;0.03333333333333333;-0.008064516129032258;-0.03225806451612903;-;+;60;100;0.26066666666666666;0.013427109974424553
61;0_BehnkeGeiger;47;123.0;122;126.0;0.00819672131147541;0.0;0.03278688524590164;-0.023809523809523808;-0.031746031746031744;-;+;60;100;0.3126666666666667;0.011194029850746268
62;0_BehnkeGeiger;48;131.0;128;134.0;0.0234375;0.0;0.046875;-0.022388059701492536;-0.04477611940298507;-;+;60;100;0.2946666666666667;0.011877828054298642
63;0_BehnkeGeiger;49;120.0;116;121.0;0.034482758620689655;0.0;0.04310344827586207;-0.008264462809917356;-0.04132231404958678;-;+;60;100;0.30333333333333334;0.011538461538461539
64;0_BehnkeGeiger;50;131.0;125;131.0;0.048;0.0;0.048;0.0;-0.04580152671755725;-;o;60;100;0.3453333333333333;0.010135135135135136
65;0_BehnkeGeiger;51;257.0;254;259.0;0.011811023622047244;0.0;0.01968503937007874;-0.007722007722007722;-0.019305019305019305;-;+;60;250;0.3111666666666667;0.004498714652956298
66;0_BehnkeGeiger;52;249.0;245;255.0;0.0163265306122449;0.0;0.04081632653061224;-0.023529411764705882;-0.0392156862745098;-;+;60;250;0.30216666666666664;0.004633715798764342
67;0_BehnkeGeiger;53;251.0;248;257.0;0.012096774193548387;0.0;0.036290322580645164;-0.023346303501945526;-0.03501945525291829;-;+;60;250;0.3115;0.00449486301369863
68;0_BehnkeGeiger;54;260.0;257;267.0;0.011673151750972763;0.0;0.038910505836575876;-0.026217228464419477;-0.03745318352059925;-;+;60;250;0.29283333333333333;0.0047814207650273225
69;0_BehnkeGeiger;55;253.0;253;256.0;0.0;0.0;0.011857707509881422;-0.01171875;-0.01171875;o;+;60;250;0.29233333333333333;0.00479014598540146
70;0_BehnkeGeiger;56;516.0;461;538.0;0.1193058568329718;0.0;0.16702819956616052;-0.040892193308550186;-0.14312267657992564;-;+;60;500;0.30866666666666664;0.0022678185745140388
71;0_BehnkeGeiger;57;513.0;477;535.0;0.07547169811320754;0.0;0.12159329140461216;-0.041121495327102804;-0.10841121495327102;-;+;60;500;0.31166666666666665;0.002246469833119384
72;4_ChambersBarnes;1;959.0;918;918.0;0.044662309368191724;0.0;0.0;0.044662309368191724;0.0;-;-;11;100;0.09090909090909091;0.5363636363636364
73;4_ChambersBarnes;2;946.0;918;918.0;0.030501089324618737;0.0;0.0;0.030501089324618737;0.0;-;-;12;100;0.08333333333333333;0.49166666666666664
74;4_ChambersBarnes;3;943.0;918;918.0;0.027233115468409588;0.0;0.0;0.027233115468409588;0.0;-;-;13;100;0.07692307692307693;0.45384615384615384
75;4_ChambersBarnes;4;919.0;905;905.0;0.015469613259668509;0.0;0.0;0.015469613259668509;0.0;-;-;12;100;0.08333333333333333;0.49166666666666664
76;4_ChambersBarnes;5;858.0;847;847.0;0.012987012987012988;0.0;0.0;0.012987012987012988;0.0;-;-;13;100;0.07692307692307693;0.45384615384615384
77;4_ChambersBarnes;6;948.0;927;927.0;0.022653721682847898;0.0;0.0;0.022653721682847898;0.0;-;-;11;100;0.09090909090909091;0.5363636363636364
78;4_ChambersBarnes;7;930.0;908;910.0;0.024229074889867842;0.0;0.0022026431718061676;0.02197802197802198;-0.002197802197802198;-;-;12;100;0.08333333333333333;0.49166666666666664
79;4_ChambersBarnes;8;969.0;925;925.0;0.04756756756756757;0.0;0.0;0.04756756756756757;0.0;-;-;11;150;0.09090909090909091;0.4666666666666667
80;4_ChambersBarnes;9;977.0;925;925.0;0.05621621621621622;0.0;0.0;0.05621621621621622;0.0;-;-;12;150;0.08333333333333333;0.42777777777777776
81;4_ChambersBarnes;10;974.0;925;925.0;0.05297297297297297;0.0;0.0;0.05297297297297297;0.0;-;-;13;150;0.07692307692307693;0.39487179487179486
82;4_ChambersBarnes;11;958.0;910;916.0;0.05274725274725275;0.0;0.006593406593406593;0.04585152838427948;-0.006550218340611353;-;-;12;150;0.08333333333333333;0.42777777777777776
83;4_ChambersBarnes;12;943.0;902;905.0;0.045454545454545456;0.0;0.0033259423503325942;0.041988950276243095;-0.0033149171270718232;-;-;13;150;0.07692307692307693;0.39487179487179486
84;4_ChambersBarnes;13;956.0;914;914.0;0.045951859956236324;0.0;0.0;0.045951859956236324;0.0;-;-;11;150;0.09090909090909091;0.4666666666666667
85;4_ChambersBarnes;14;952.0;907;909.0;0.04961411245865491;0.0;0.002205071664829107;0.047304730473047306;-0.0022002200220022;-;-;12;150;0.08333333333333333;0.42777777777777776
86;4_ChambersBarnes;15;1272.0;1201;1201.0;0.059117402164862616;0.0;0.0;0.059117402164862616;0.0;-;-;16;225;0.0625;0.3625
87;4_ChambersBarnes;16;1229.0;1202;1199.0;0.025020850708924104;0.0025020850708924102;0.0;0.025020850708924104;0.0025020850708924102;-;-;17;225;0.058823529411764705;0.3411764705882353
88;4_ChambersBarnes;17;1287.0;1197;1197.0;0.07518796992481203;0.0;0.0;0.07518796992481203;0.0;-;-;18;225;0.05555555555555555;0.32222222222222224
89;4_ChambersBarnes;18;1233.0;1135;1136.0;0.08634361233480176;0.0;0.000881057268722467;0.08538732394366197;-0.0008802816901408451;-;-;17;225;0.058823529411764705;0.3411764705882353
90;4_ChambersBarnes;19;1197.0;1125;1125.0;0.064;0.0;0.0;0.064;0.0;-;-;18;225;0.05555555555555555;0.32222222222222224
91;4_ChambersBarnes;20;1253.0;1169;1174.0;0.0718562874251497;0.0;0.00427715996578272;0.06729131175468483;-0.004258943781942078;-;-;16;225;0.0625;0.3625
92;4_ChambersBarnes;21;1207.0;1135;1136.0;0.06343612334801763;0.0;0.000881057268722467;0.0625;-0.0008802816901408451;-;-;17;225;0.058823529411764705;0.3411764705882353
93;0_BehnkeGeiger;58;516.0;448;531.0;0.15178571428571427;0.0;0.18526785714285715;-0.02824858757062147;-0.15630885122410546;-;+;60;500;0.325;0.002154288059089044
94;0_BehnkeGeiger;59;509.0;440;532.0;0.15681818181818183;0.0;0.20909090909090908;-0.043233082706766915;-0.17293233082706766;-;+;60;500;0.30366666666666664;0.0023046532045654083
95;0_BehnkeGeiger;60;531.0;552;537.0;0.0;0.03954802259887006;0.011299435028248588;-0.0111731843575419;0.027932960893854747;+;+;60;500;0.29416666666666663;0.0023798730734360834
96;5_Kacem;1;11.0;11;11.0;0.0;0.0;0.0;0.0;0.0;o;o;5;12;1.0;0.16666666666666666
97;5_Kacem;2;11.0;11;11.0;0.0;0.0;0.0;0.0;0.0;o;o;7;29;1.0;0.08866995073891626
98;5_Kacem;3;7.0;7;7.0;0.0;0.0;0.0;0.0;0.0;o;o;10;30;1.0;0.06
99;5_Kacem;4;11.0;11;12.0;0.0;0.0;0.09090909090909091;-0.08333333333333333;-0.08333333333333333;o;+;10;56;1.0;0.055357142857142855
100;6_Fattahi;1;66.0;66;66.0;0.0;0.0;0.0;0.0;0.0;o;o;2;4;1.0;0.875
101;6_Fattahi;2;107.0;107;107.0;0.0;0.0;0.0;0.0;0.0;o;o;2;4;0.75;0.8333333333333334
102;6_Fattahi;3;221.0;221;221.0;0.0;0.0;0.0;0.0;0.0;o;o;2;6;0.85;0.9
103;6_Fattahi;4;355.0;355;355.0;0.0;0.0;0.0;0.0;0.0;o;o;2;6;0.85;1.0
104;6_Fattahi;5;119.0;119;119.0;0.0;0.0;0.0;0.0;0.0;o;o;2;6;1.0;0.75
105;6_Fattahi;6;320.0;320;320.0;0.0;0.0;0.0;0.0;0.0;o;o;3;9;0.5333333333333333;0.8666666666666667
106;6_Fattahi;7;397.0;397;397.0;0.0;0.0;0.0;0.0;0.0;o;o;5;9;0.4;0.9444444444444444
107;6_Fattahi;8;253.0;253;253.0;0.0;0.0;0.0;0.0;0.0;o;o;4;9;0.5;0.9444444444444444
108;6_Fattahi;9;210.0;210;210.0;0.0;0.0;0.0;0.0;0.0;o;o;3;9;0.6666666666666666;0.5555555555555556
109;6_Fattahi;10;516.0;516;516.0;0.0;0.0;0.0;0.0;0.0;o;o;5;12;0.33999999999999997;0.85
110;6_Fattahi;11;468.0;468;468.0;0.0;0.0;0.0;0.0;0.0;o;o;6;15;0.3666666666666667;0.7878787878787878
111;6_Fattahi;12;446.0;446;446.0;0.0;0.0;0.0;0.0;0.0;o;o;7;15;0.38571428571428573;0.7435897435897436
112;6_Fattahi;13;466.0;466;466.0;0.0;0.0;0.0;0.0;0.0;o;o;7;18;0.38571428571428573;0.7083333333333334
113;6_Fattahi;14;554.0;554;554.0;0.0;0.0;0.0;0.0;0.0;o;o;7;21;0.38571428571428573;0.7142857142857143
114;6_Fattahi;15;514.0;514;514.0;0.0;0.0;0.0;0.0;0.0;o;o;7;21;0.37142857142857144;0.6909090909090909
115;6_Fattahi;16;634.0;634;634.0;0.0;0.0;0.0;0.0;0.0;o;o;7;24;0.37142857142857144;0.6774193548387096
116;6_Fattahi;17;879.0;879;879.0;0.0;0.0;0.0;0.0;0.0;o;o;7;32;0.34285714285714286;0.5897435897435898
117;6_Fattahi;18;884.0;884;884.0;0.0;0.0;0.0;0.0;0.0;o;o;8;36;0.3;0.5465116279069767
118;6_Fattahi;19;1060.0;1080;1070.0;0.0;0.018867924528301886;0.009433962264150943;-0.009345794392523364;0.009345794392523364;+;+;8;44;0.2875;0.4563106796116505
119;6_Fattahi;20;1225.0;1214;1208.0;0.014072847682119206;0.004966887417218543;0.0;0.014072847682119206;0.004966887417218543;-;-;8;48;0.2875;0.45535714285714285
120;3_DPpaulli;1;2606.0;2673;2518.0;0.03494837172359015;0.06155679110405084;0.0;0.03494837172359015;0.06155679110405084;+;-;5;196;0.2;0.3755656108597285
121;3_DPpaulli;2;2320.0;2348;2231.0;0.03989242492155984;0.05244285073957866;0.0;0.03989242492155984;0.05244285073957866;+;-;5;196;0.2;0.25
122;3_DPpaulli;3;2268.0;2303;2229.0;0.017496635262449527;0.03319874383131449;0.0;0.017496635262449527;0.03319874383131449;+;-;5;196;0.2;0.1656686626746507
123;3_DPpaulli;4;2600.0;2624;2503.0;0.03875349580503396;0.04834198961246504;0.0;0.03875349580503396;0.04834198961246504;+;-;5;196;0.2;0.3574660633484163
124;3_DPpaulli;5;2310.0;2399;2216.0;0.042418772563176894;0.0825812274368231;0.0;0.042418772563176894;0.0825812274368231;+;-;5;196;0.2;0.25301204819277107
125;3_DPpaulli;6;2265.0;2316;2196.0;0.031420765027322405;0.0546448087431694;0.0;0.031420765027322405;0.0546448087431694;+;-;5;196;0.2;0.16966067864271456
126;3_DPpaulli;7;2584.0;2513;2283.0;0.13184406482698205;0.10074463425317565;0.0;0.13184406482698205;0.10074463425317565;-;-;8;293;0.125;0.24725274725274726
127;3_DPpaulli;8;2197.0;2285;2069.0;0.061865635572740454;0.10439826002899952;0.0;0.061865635572740454;0.10439826002899952;+;-;8;293;0.125;0.1271186440677966
128;3_DPpaulli;9;2208.0;2157;2064.0;0.06976744186046512;0.04505813953488372;0.0;0.06976744186046512;0.04505813953488372;-;-;8;293;0.125;0.07614213197969544
129;3_DPpaulli;10;2577.0;2610;2291.0;0.12483631601920558;0.13924050632911392;0.0;0.12483631601920558;0.13924050632911392;+;-;8;293;0.125;0.23076923076923078
130;3_DPpaulli;11;2215.0;2284;2063.0;0.07367910809500727;0.1071255453223461;0.0;0.07367910809500727;0.1071255453223461;+;-;8;293;0.125;0.12429378531073447
131;3_DPpaulli;12;2197.0;2379;2030.0;0.08226600985221674;0.17192118226600986;0.0;0.08226600985221674;0.17192118226600986;+;-;8;293;0.125;0.07445008460236886
132;3_DPpaulli;13;2618.0;2549;2257.0;0.1599468320779796;0.12937527691626052;0.0;0.1599468320779796;0.12937527691626052;-;-;10;387;0.1;0.17567567567567569
133;3_DPpaulli;14;2431.0;2315;2167.0;0.1218274111675127;0.06829718504845408;0.0;0.1218274111675127;0.06829718504845408;-;-;10;387;0.1;0.078719723183391
134;3_DPpaulli;15;2621.0;2672;2164.0;0.2111829944547135;0.23475046210720887;0.0;0.2111829944547135;0.23475046210720887;+;-;10;387;0.1;0.04688304997424008
135;3_DPpaulli;16;2565.0;2450;2255.0;0.13747228381374724;0.08647450110864745;0.0;0.13747228381374724;0.08647450110864745;-;-;10;387;0.1;0.16602316602316602
136;3_DPpaulli;17;2819.0;2297;2140.0;0.3172897196261682;0.07336448598130842;0.0;0.3172897196261682;0.07336448598130842;-;-;10;387;0.1;0.07612456747404844
137;3_DPpaulli;18;2744.0;3216;2127.0;0.29007992477668076;0.5119887165021156;0.0;0.29007992477668076;0.5119887165021156;+;-;10;387;0.1;0.04585265327150953
138;2a_Hurink_sdata;1;55.0;55;10000000.0;0.0;0.0;181817.18181818182;-0.9999945;-0.9999945;o;+;6;36;0.16666666666666666;0.25
139;2a_Hurink_sdata;2;974.0;930;10000000.0;0.047311827956989246;0.0;10751.68817204301;-0.9999026;-0.999907;-;+;10;100;0.1;0.59
140;2a_Hurink_sdata;3;1181.0;1177;10000000.0;0.0033984706881903144;0.0;8495.176720475785;-0.9998819;-0.9998823;-;+;5;100;0.2;0.59
141;2a_Hurink_sdata;4;666.0;666;10000000.0;0.0;0.0;15014.015015015015;-0.9999334;-0.9999334;o;+;5;50;0.2;0.76
142;2a_Hurink_sdata;5;655.0;655;10000000.0;0.0;0.0;15266.175572519083;-0.9999345;-0.9999345;o;+;5;50;0.2;0.78
143;2a_Hurink_sdata;6;604.0;597;10000000.0;0.011725293132328308;0.0;16749.418760469012;-0.9999396;-0.9999403;-;+;5;50;0.2;0.78
144;2a_Hurink_sdata;7;590.0;590;10000000.0;0.0;0.0;16948.15254237288;-0.999941;-0.999941;o;+;5;50;0.2;0.74
145;2a_Hurink_sdata;8;593.0;593;10000000.0;0.0;0.0;16862.406408094434;-0.9999407;-0.9999407;o;+;5;50;0.2;0.8
146;2a_Hurink_sdata;9;926.0;926;10000000.0;0.0;0.0;10798.136069114471;-0.9999074;-0.9999074;o;+;5;75;0.2;0.68
147;2a_Hurink_sdata;10;890.0;890;10000000.0;0.0;0.0;11234.955056179775;-0.999911;-0.999911;o;+;5;75;0.2;0.7066666666666667
148;2a_Hurink_sdata;11;863.0;863;10000000.0;0.0;0.0;11586.485515643106;-0.9999137;-0.9999137;o;+;5;75;0.2;0.6666666666666666
149;2a_Hurink_sdata;12;951.0;951;10000000.0;0.0;0.0;10514.247108307045;-0.9999049;-0.9999049;o;+;5;75;0.2;0.6533333333333333
150;2a_Hurink_sdata;13;958.0;958;10000000.0;0.0;0.0;10437.413361169103;-0.9999042;-0.9999042;o;+;5;75;0.2;0.7733333333333333
151;2a_Hurink_sdata;14;1222.0;1222;10000000.0;0.0;0.0;8182.306055646482;-0.9998778;-0.9998778;o;+;5;100;0.2;0.61
152;2a_Hurink_sdata;15;1039.0;1039;10000000.0;0.0;0.0;9623.63907603465;-0.9998961;-0.9998961;o;+;5;100;0.2;0.57
153;2a_Hurink_sdata;16;1150.0;1150;10000000.0;0.0;0.0;8694.652173913044;-0.999885;-0.999885;o;+;5;100;0.2;0.61
154;2a_Hurink_sdata;17;1292.0;1292;10000000.0;0.0;0.0;7738.938080495356;-0.9998708;-0.9998708;o;+;5;100;0.2;0.65
155;2a_Hurink_sdata;18;1207.0;1207;10000000.0;0.0;0.0;8284.004142502072;-0.9998793;-0.9998793;o;+;5;100;0.2;0.66
156;2a_Hurink_sdata;19;964.0;945;10000000.0;0.020105820105820106;0.0;10581.010582010582;-0.9999036;-0.9999055;-;+;10;100;0.1;0.61
157;2a_Hurink_sdata;20;789.0;784;10000000.0;0.006377551020408163;0.0;12754.102040816326;-0.9999211;-0.9999216;-;+;10;100;0.1;0.57
158;2a_Hurink_sdata;21;855.0;848;10000000.0;0.008254716981132075;0.0;11791.452830188678;-0.9999145;-0.9999152;-;+;10;100;0.1;0.61
159;2a_Hurink_sdata;22;842.0;842;10000000.0;0.0;0.0;11875.484560570072;-0.9999158;-0.9999158;o;+;10;100;0.1;0.65
160;2a_Hurink_sdata;23;921.0;902;10000000.0;0.02106430155210643;0.0;11085.474501108647;-0.9999079;-0.9999098;-;+;10;100;0.1;0.66
161;2a_Hurink_sdata;24;1118.0;1056;10000000.0;0.058712121212121215;0.0;9468.69696969697;-0.9998882;-0.9998944;-;+;10;150;0.1;0.49333333333333335
162;2a_Hurink_sdata;25;973.0;927;10000000.0;0.04962243797195254;0.0;10786.486515641855;-0.9999027;-0.9999073;-;+;10;150;0.1;0.48
163;2a_Hurink_sdata;26;1038.0;1032;10000000.0;0.005813953488372093;0.0;9688.922480620155;-0.9998962;-0.9998968;-;+;10;150;0.1;0.4866666666666667
164;2a_Hurink_sdata;27;986.0;935;10000000.0;0.05454545454545454;0.0;10694.187165775402;-0.9999014;-0.9999065;-;+;10;150;0.1;0.5133333333333333
165;2a_Hurink_sdata;28;1036.0;977;10000000.0;0.06038894575230297;0.0;10234.414534288639;-0.9998964;-0.9999023;-;+;10;150;0.1;0.5466666666666666
166;2a_Hurink_sdata;29;1273.0;1218;10000000.0;0.0451559934318555;0.0;8209.180623973727;-0.9998727;-0.9998782;-;+;10;200;0.1;0.43
167;2a_Hurink_sdata;30;1326.0;1255;10000000.0;0.05657370517928287;0.0;7967.12749003984;-0.9998674;-0.9998745;-;+;10;200;0.1;0.41
168;2a_Hurink_sdata;31;1296.0;1234;10000000.0;0.050243111831442464;0.0;8102.727714748785;-0.9998704;-0.9998766;-;+;10;200;0.1;0.425
169;2a_Hurink_sdata;32;1289.0;1234;10000000.0;0.04457050243111831;0.0;8102.727714748785;-0.9998711;-0.9998766;-;+;10;200;0.1;0.44
170;2a_Hurink_sdata;33;1401.0;1355;10000000.0;0.03394833948339483;0.0;7379.073800738008;-0.9998599;-0.9998645;-;+;10;200;0.1;0.4
171;2a_Hurink_sdata;34;1784.0;1784;10000000.0;0.0;0.0;5604.3811659192825;-0.9998216;-0.9998216;o;+;10;300;0.1;0.30666666666666664
172;2a_Hurink_sdata;35;1850.0;1850;10000000.0;0.0;0.0;5404.405405405405;-0.999815;-0.999815;o;+;10;300;0.1;0.31333333333333335
173;2a_Hurink_sdata;36;1724.0;1719;10000000.0;0.0029086678301337987;0.0;5816.335660267598;-0.9998276;-0.9998281;-;+;10;300;0.1;0.30666666666666664
174;2a_Hurink_sdata;37;1755.0;1721;10000000.0;0.019755955839628123;0.0;5809.575246949448;-0.9998245;-0.9998279;-;+;10;300;0.1;0.30666666666666664
175;2a_Hurink_sdata;38;1888.0;1888;10000000.0;0.0;0.0;5295.610169491525;-0.9998112;-0.9998112;o;+;10;300;0.1;0.29333333333333333
176;2a_Hurink_sdata;39;1336.0;1268;10000000.0;0.05362776025236593;0.0;7885.435331230284;-0.9998664;-0.9998732;-;+;15;225;0.06666666666666667;0.39111111111111113
177;2a_Hurink_sdata;40;1517.0;1397;10000000.0;0.08589835361488905;0.0;7157.196134574087;-0.9998483;-0.9998603;-;+;15;225;0.06666666666666667;0.4088888888888889
178;2a_Hurink_sdata;41;1325.0;1202;10000000.0;0.10232945091514144;0.0;8318.467554076538;-0.9998675;-0.9998798;-;+;15;225;0.06666666666666667;0.36444444444444446
179;2a_Hurink_sdata;42;1336.0;1233;10000000.0;0.08353609083536091;0.0;8109.300081103001;-0.9998664;-0.9998767;-;+;15;225;0.06666666666666667;0.39555555555555555
180;2a_Hurink_sdata;43;1309.0;1235;10000000.0;0.05991902834008097;0.0;8096.165991902834;-0.9998691;-0.9998765;-;+;15;225;0.06666666666666667;0.38666666666666666
181;2a_Hurink_sdata;44;1238.0;1234;10000000.0;0.0032414910858995136;0.0;8102.727714748785;-0.9998762;-0.9998766;-;+;10;100;0.1;0.42
182;2a_Hurink_sdata;45;947.0;943;10000000.0;0.0042417815482502655;0.0;10603.453870625663;-0.9999053;-0.9999057;-;+;10;100;0.1;0.57
183;2a_Hurink_sdata;46;741.0;682;10000000.0;0.08651026392961877;0.0;14661.756598240469;-0.9999259;-0.9999318;-;+;15;300;0.06666666666666667;0.1
184;2a_Hurink_sdata;47;757.0;704;10000000.0;0.07528409090909091;0.0;14203.545454545454;-0.9999243;-0.9999296;-;+;15;300;0.06666666666666667;0.1
185;2a_Hurink_sdata;48;778.0;717;10000000.0;0.08507670850767085;0.0;13946.001394700139;-0.9999222;-0.9999283;-;+;15;300;0.06666666666666667;0.1
186;2a_Hurink_sdata;49;7038.0;7038;10000000.0;0.0;0.0;1419.8581983518045;-0.9992962;-0.9992962;o;+;5;55;0.2;0.7636363636363637
187;2a_Hurink_sdata;50;7166.0;7166;10000000.0;0.0;0.0;1394.4786491766677;-0.9992834;-0.9992834;o;+;4;52;0.25;0.8461538461538461
188;2a_Hurink_sdata;51;7399.0;7312;10000000.0;0.011898249452954049;0.0;1366.6148796498906;-0.9992601;-0.9992688;-;+;5;60;0.2;0.65
189;2a_Hurink_sdata;52;8003.0;8003;10000000.0;0.0;0.0;1248.5314257153568;-0.9991997;-0.9991997;o;+;4;56;0.25;0.7142857142857143
190;2a_Hurink_sdata;53;7750.0;7702;10000000.0;0.006232147494157362;0.0;1297.3640612827837;-0.999225;-0.9992298;-;+;6;60;0.16666666666666666;0.7833333333333333
191;2a_Hurink_sdata;54;8330.0;8313;10000000.0;0.002044989775051125;0.0;1201.9351617947793;-0.999167;-0.9991687;-;+;9;72;0.1111111111111111;0.7777777777777778
192;2a_Hurink_sdata;55;6558.0;6558;10000000.0;0.0;0.0;1523.8551387618177;-0.9993442;-0.9993442;o;+;7;49;0.14285714285714285;0.8367346938775511
193;2a_Hurink_sdata;56;8264.0;8264;10000000.0;0.0;0.0;1209.0677637947724;-0.9991736;-0.9991736;o;+;8;64;0.125;0.515625
194;2a_Hurink_sdata;57;1098.0;1059;10000000.0;0.036827195467422094;0.0;9441.870632672333;-0.9998902;-0.9998941;-;+;10;100;0.1;0.66
195;2a_Hurink_sdata;58;917.0;888;10000000.0;0.03265765765765766;0.0;11260.261261261261;-0.9999083;-0.9999112;-;+;10;100;0.1;0.56
196;2a_Hurink_sdata;59;1063.0;1005;10000000.0;0.05771144278606965;0.0;9949.248756218905;-0.9998937;-0.9998995;-;+;10;100;0.1;0.6
197;2a_Hurink_sdata;60;1015.0;1005;10000000.0;0.009950248756218905;0.0;9949.248756218905;-0.9998985;-0.9998995;-;+;10;100;0.1;0.6
198;2a_Hurink_sdata;61;904.0;887;10000000.0;0.019165727170236752;0.0;11272.957158962796;-0.9999096;-0.9999113;-;+;10;100;0.1;0.69
199;2a_Hurink_sdata;62;1033.0;1010;10000000.0;0.02277227722772277;0.0;9899.990099009901;-0.9998967;-0.999899;-;+;10;100;0.1;0.63
200;2a_Hurink_sdata;63;405.0;397;10000000.0;0.020151133501259445;0.0;25187.91687657431;-0.9999595;-0.9999603;-;+;10;99;0.1;0.3838383838383838
201;2a_Hurink_sdata;64;933.0;899;10000000.0;0.03781979977753059;0.0;11122.470522803114;-0.9999067;-0.9999101;-;+;10;100;0.1;0.61
202;2a_Hurink_sdata;65;960.0;934;10000000.0;0.027837259100642397;0.0;10705.638115631691;-0.999904;-0.9999066;-;+;10;100;0.1;0.66
203;2a_Hurink_sdata;66;959.0;944;10000000.0;0.015889830508474576;0.0;10592.22033898305;-0.9999041;-0.9999056;-;+;10;100;0.1;0.64
204;2b_Hurink_edata;1;55.0;55;55.0;0.0;0.0;0.0;0.0;0.0;o;o;6;36;0.19166666666666665;0.21428571428571427
205;2b_Hurink_edata;2;915.0;871;871.0;0.0505166475315729;0.0;0.0;0.0505166475315729;0.0;-;-;10;100;0.11499999999999999;0.5221238938053098
206;2b_Hurink_edata;3;1149.0;1117;1088.0;0.05606617647058824;0.02665441176470588;0.0;0.05606617647058824;0.02665441176470588;-;-;5;100;0.22999999999999998;0.5221238938053098
207;2b_Hurink_edata;4;609.0;609;609.0;0.0;0.0;0.0;0.0;0.0;o;o;5;50;0.22999999999999998;0.6333333333333333
208;2b_Hurink_edata;5;655.0;655;655.0;0.0;0.0;0.0;0.0;0.0;o;o;5;50;0.22999999999999998;0.65
209;2b_Hurink_edata;6;564.0;550;550.0;0.025454545454545455;0.0;0.0;0.025454545454545455;0.0;-;-;5;50;0.22999999999999998;0.6610169491525424
210;2b_Hurink_edata;7;568.0;568;568.0;0.0;0.0;0.0;0.0;0.0;o;o;5;50;0.22999999999999998;0.6271186440677966
211;2b_Hurink_edata;8;503.0;503;503.0;0.0;0.0;0.0;0.0;0.0;o;o;5;50;0.22999999999999998;0.6666666666666666
212;2b_Hurink_edata;9;833.0;833;833.0;0.0;0.0;0.0;0.0;0.0;o;o;5;75;0.22999999999999998;0.5930232558139535
213;2b_Hurink_edata;10;778.0;762;762.0;0.02099737532808399;0.0;0.0;0.02099737532808399;0.0;-;-;5;75;0.22999999999999998;0.6162790697674418
214;2b_Hurink_edata;11;845.0;845;845.0;0.0;0.0;0.0;0.0;0.0;o;o;5;75;0.22999999999999998;0.5813953488372093
215;2b_Hurink_edata;12;878.0;878;878.0;0.0;0.0;0.0;0.0;0.0;o;o;5;75;0.22999999999999998;0.5697674418604651
216;2b_Hurink_edata;13;866.0;866;866.0;0.0;0.0;0.0;0.0;0.0;o;o;5;75;0.22999999999999998;0.6666666666666666
217;2b_Hurink_edata;14;1106.0;1106;1103.0;0.0027198549410698096;0.0027198549410698096;0.0;0.0027198549410698096;0.0027198549410698096;o;-;5;100;0.22999999999999998;0.5398230088495575
218;2b_Hurink_edata;15;960.0;960;960.0;0.0;0.0;0.0;0.0;0.0;o;o;5;100;0.22999999999999998;0.5
219;2b_Hurink_edata;16;1053.0;1053;1053.0;0.0;0.0;0.0;0.0;0.0;o;o;5;100;0.22999999999999998;0.5350877192982456
220;2b_Hurink_edata;17;1123.0;1123;1123.0;0.0;0.0;0.0;0.0;0.0;o;o;5;100;0.22999999999999998;0.5752212389380531
221;2b_Hurink_edata;18;1116.0;1111;1111.0;0.004500450045004501;0.0;0.0;0.004500450045004501;0.0;-;-;5;100;0.22999999999999998;0.584070796460177
222;2b_Hurink_edata;19;915.0;892;892.0;0.0257847533632287;0.0;0.0;0.0257847533632287;0.0;-;-;10;100;0.11499999999999999;0.5398230088495575
223;2b_Hurink_edata;20;707.0;707;707.0;0.0;0.0;0.0;0.0;0.0;o;o;10;100;0.11499999999999999;0.504424778761062
224;2b_Hurink_edata;21;855.0;842;842.0;0.015439429928741092;0.0;0.0;0.015439429928741092;0.0;-;-;10;100;0.11499999999999999;0.5398230088495575
225;2b_Hurink_edata;22;813.0;796;796.0;0.02135678391959799;0.0;0.0;0.02135678391959799;0.0;-;-;10;100;0.11499999999999999;0.5752212389380531
226;2b_Hurink_edata;23;864.0;857;857.0;0.008168028004667444;0.0;0.0;0.008168028004667444;0.0;-;-;10;100;0.11499999999999999;0.584070796460177
227;2b_Hurink_edata;24;1094.0;1027;895.0;0.2223463687150838;0.14748603351955308;0.0;0.2223463687150838;0.14748603351955308;-;-;10;150;0.11499999999999999;0.4277456647398844
228;2b_Hurink_edata;25;947.0;880;882.0;0.07613636363636364;0.0;0.0022727272727272726;0.07369614512471655;-0.0022675736961451248;-;-;10;150;0.11499999999999999;0.4161849710982659
229;2b_Hurink_edata;26;998.0;957;950.0;0.05052631578947368;0.007368421052631579;0.0;0.05052631578947368;0.007368421052631579;-;-;10;150;0.11499999999999999;0.4269005847953216
230;2b_Hurink_edata;27;987.0;909;909.0;0.0858085808580858;0.0;0.0;0.0858085808580858;0.0;-;-;10;150;0.11499999999999999;0.4425287356321839
231;2b_Hurink_edata;28;991.0;936;941.0;0.05876068376068376;0.0;0.005341880341880342;0.053134962805526036;-0.005313496280552604;-;-;10;150;0.11499999999999999;0.47126436781609193
232;2b_Hurink_edata;29;1215.0;1148;1125.0;0.08;0.020444444444444446;0.0;0.08;0.020444444444444446;-;-;10;200;0.11499999999999999;0.3788546255506608
233;2b_Hurink_edata;30;1321.0;1249;1186.0;0.11382799325463744;0.05311973018549747;0.0;0.11382799325463744;0.05311973018549747;-;-;10;200;0.11499999999999999;0.36123348017621143
234;2b_Hurink_edata;31;1260.0;1188;1149.0;0.09660574412532637;0.033942558746736295;0.0;0.09660574412532637;0.033942558746736295;-;-;10;200;0.11499999999999999;0.37610619469026546
235;2b_Hurink_edata;32;1235.0;1157;1118.0;0.10465116279069768;0.03488372093023256;0.0;0.10465116279069768;0.03488372093023256;-;-;10;200;0.11499999999999999;0.3876651982378855
236;2b_Hurink_edata;33;1324.0;1263;1209.0;0.09511993382961124;0.04466501240694789;0.0;0.09511993382961124;0.04466501240694789;-;-;10;200;0.11499999999999999;0.3524229074889868
237;2b_Hurink_edata;34;1690.0;1709;1539.0;0.09811565951916829;0.11046133853151396;0.0;0.09811565951916829;0.11046133853151396;+;-;10;300;0.11499999999999999;0.2697947214076246
238;2b_Hurink_edata;35;1811.0;1785;1698.0;0.06654888103651355;0.05123674911660778;0.0;0.06654888103651355;0.05123674911660778;-;-;10;300;0.11499999999999999;0.2756598240469208
239;2b_Hurink_edata;36;1691.0;1656;1547.0;0.09308338720103426;0.07045895281189399;0.0;0.09308338720103426;0.07045895281189399;-;-;10;300;0.11499999999999999;0.2713864306784661
240;2b_Hurink_edata;37;1711.0;1693;1604.0;0.06670822942643391;0.05548628428927681;0.0;0.06670822942643391;0.05548628428927681;-;-;10;300;0.11499999999999999;0.2713864306784661
241;2b_Hurink_edata;38;1808.0;1762;1736.0;0.041474654377880185;0.014976958525345621;0.0;0.041474654377880185;0.014976958525345621;-;-;10;300;0.11499999999999999;0.25958702064896755
242;2b_Hurink_edata;39;1292.0;1160;1160.0;0.11379310344827587;0.0;0.0;0.11379310344827587;0.0;-;-;15;225;0.07666666666666666;0.34108527131782945
243;2b_Hurink_edata;40;1509.0;1397;1397.0;0.08017179670722978;0.0;0.0;0.08017179670722978;0.0;-;-;15;225;0.07666666666666666;0.35658914728682173
244;2b_Hurink_edata;41;1264.0;1144;1144.0;0.1048951048951049;0.0;0.0;0.1048951048951049;0.0;-;-;15;225;0.07666666666666666;0.31906614785992216
245;2b_Hurink_edata;42;1331.0;1184;1184.0;0.1241554054054054;0.0;0.0;0.1241554054054054;0.0;-;-;15;225;0.07666666666666666;0.3463035019455253
246;2b_Hurink_edata;43;1269.0;1163;1150.0;0.10347826086956521;0.011304347826086957;0.0;0.10347826086956521;0.011304347826086957;-;-;15;225;0.07666666666666666;0.3372093023255814
247;2b_Hurink_edata;44;1188.0;1167;1176.0;0.017994858611825194;0.0;0.007712082262210797;0.01020408163265306;-0.007653061224489796;-;-;10;100;0.11499999999999999;0.37168141592920356
248;2b_Hurink_edata;45;947.0;925;925.0;0.023783783783783784;0.0;0.0;0.023783783783783784;0.0;-;-;10;100;0.11499999999999999;0.5
249;2b_Hurink_edata;46;717.0;655;638.0;0.1238244514106583;0.02664576802507837;0.0;0.1238244514106583;0.02664576802507837;-;-;15;300;0.07666666666666666;0.08849557522123894
250;2b_Hurink_edata;47;757.0;665;654.0;0.15749235474006115;0.016819571865443424;0.0;0.15749235474006115;0.016819571865443424;-;-;15;300;0.07666666666666666;0.08823529411764706
251;2b_Hurink_edata;48;744.0;681;668.0;0.11377245508982035;0.019461077844311378;0.0;0.11377245508982035;0.019461077844311378;-;-;15;300;0.07666666666666666;0.08849557522123894
252;2b_Hurink_edata;49;6253.0;6176;6176.0;0.01246761658031088;0.0;0.0;0.01246761658031088;0.0;-;-;5;55;0.22999999999999998;0.6363636363636364
253;2b_Hurink_edata;50;6445.0;6327;6455.0;0.018650229176544967;0.0;0.020230757072862336;-0.001549186676994578;-0.019829589465530595;-;+;4;52;0.2875;0.6984126984126984
254;2b_Hurink_edata;51;6987.0;6856;6856.0;0.0191073512252042;0.0;0.0;0.0191073512252042;0.0;-;-;5;60;0.22999999999999998;0.5492957746478874
255;2b_Hurink_edata;52;7789.0;7789;7789.0;0.0;0.0;0.0;0.0;0.0;o;o;4;56;0.2875;0.5970149253731343
256;2b_Hurink_edata;53;7229.0;7229;7229.0;0.0;0.0;0.0;0.0;0.0;o;o;6;60;0.19166666666666665;0.6714285714285714
257;2b_Hurink_edata;54;8139.0;7990;8478.0;0.018648310387984982;0.0;0.06107634543178974;-0.0399858457183298;-0.05756074545883463;-;+;9;72;0.12777777777777777;0.6666666666666666
258;2b_Hurink_edata;55;6123.0;6123;6123.0;0.0;0.0;0.0;0.0;0.0;o;o;7;49;0.16428571428571428;0.7068965517241379
259;2b_Hurink_edata;56;7689.0;7689;7689.0;0.0;0.0;0.0;0.0;0.0;o;o;8;64;0.14375;0.44
260;2b_Hurink_edata;57;1017.0;977;988.0;0.04094165813715456;0.0;0.011258955987717503;0.029352226720647773;-0.011133603238866396;-;-;10;100;0.11499999999999999;0.5789473684210527
261;2b_Hurink_edata;58;887.0;865;870.0;0.025433526011560695;0.0;0.005780346820809248;0.01954022988505747;-0.005747126436781609;-;-;10;100;0.11499999999999999;0.49557522123893805
262;2b_Hurink_edata;59;979.0;951;960.0;0.029442691903259727;0.0;0.00946372239747634;0.019791666666666666;-0.009375;-;-;10;100;0.11499999999999999;0.5263157894736842
263;2b_Hurink_edata;60;1005.0;984;1016.0;0.021341463414634148;0.0;0.032520325203252036;-0.010826771653543307;-0.031496062992125984;-;+;10;100;0.11499999999999999;0.5263157894736842
264;2b_Hurink_edata;61;872.0;842;865.0;0.035629453681710214;0.0;0.027315914489311165;0.008092485549132947;-0.026589595375722544;-;-;10;100;0.11499999999999999;0.6052631578947368
265;2b_Hurink_edata;62;988.0;958;1004.0;0.031315240083507306;0.0;0.04801670146137787;-0.01593625498007968;-0.045816733067729085;-;+;10;100;0.11499999999999999;0.5526315789473685
266;2b_Hurink_edata;63;390.0;387;387.0;0.007751937984496124;0.0;0.0;0.007751937984496124;0.0;-;-;10;99;0.11499999999999999;0.3392857142857143
267;2b_Hurink_edata;64;920.0;894;894.0;0.029082774049217;0.0;0.0;0.029082774049217;0.0;-;-;10;100;0.11499999999999999;0.5350877192982456
268;2b_Hurink_edata;65;955.0;933;933.0;0.023579849946409433;0.0;0.0;0.023579849946409433;0.0;-;-;10;100;0.11499999999999999;0.5789473684210527
269;2b_Hurink_edata;66;947.0;933;937.0;0.015005359056806002;0.0;0.004287245444801715;0.010672358591248666;-0.004268943436499467;-;-;10;100;0.11499999999999999;0.5614035087719298
270;2c_Hurink_rdata;1;47.0;47;47.0;0.0;0.0;0.0;0.0;0.0;o;o;6;36;0.3333333333333333;0.12162162162162163
271;2c_Hurink_rdata;2;716.0;686;686.0;0.043731778425655975;0.0;0.0;0.043731778425655975;0.0;-;-;10;100;0.2;0.3010204081632653
272;2c_Hurink_rdata;3;1025.0;1026;1022.0;0.0029354207436399216;0.003913894324853229;0.0;0.0029354207436399216;0.003913894324853229;+;-;5;100;0.4;0.30412371134020616
273;2c_Hurink_rdata;4;573.0;572;571.0;0.0035026269702276708;0.0017513134851138354;0.0;0.0035026269702276708;0.0017513134851138354;-;-;5;50;0.4;0.3958333333333333
274;2c_Hurink_rdata;5;532.0;531;530.0;0.0037735849056603774;0.0018867924528301887;0.0;0.0037735849056603774;0.0018867924528301887;-;-;5;50;0.4;0.4148936170212766
275;2c_Hurink_rdata;6;479.0;479;478.0;0.0020920502092050207;0.0020920502092050207;0.0;0.0020920502092050207;0.0020920502092050207;o;-;5;50;0.4;0.3939393939393939
276;2c_Hurink_rdata;7;504.0;503;502.0;0.00398406374501992;0.00199203187250996;0.0;0.00398406374501992;0.00199203187250996;-;-;5;50;0.4;0.36633663366336633
277;2c_Hurink_rdata;8;458.0;458;457.0;0.002188183807439825;0.002188183807439825;0.0;0.002188183807439825;0.002188183807439825;o;-;5;50;0.4;0.3883495145631068
278;2c_Hurink_rdata;9;800.0;801;799.0;0.0012515644555694619;0.0025031289111389237;0.0;0.0012515644555694619;0.0025031289111389237;+;-;5;75;0.4;0.3617021276595745
279;2c_Hurink_rdata;10;750.0;751;750.0;0.0;0.0013333333333333333;0.0;0.0;0.0013333333333333333;+;o;5;75;0.4;0.36054421768707484
280;2c_Hurink_rdata;11;766.0;767;765.0;0.00130718954248366;0.00261437908496732;0.0;0.00130718954248366;0.00261437908496732;+;-;5;75;0.4;0.3448275862068966
281;2c_Hurink_rdata;12;854.0;855;853.0;0.0011723329425556857;0.0023446658851113715;0.0;0.0011723329425556857;0.0023446658851113715;+;-;5;75;0.4;0.3402777777777778
282;2c_Hurink_rdata;13;805.0;807;804.0;0.0012437810945273632;0.0037313432835820895;0.0;0.0012437810945273632;0.0037313432835820895;+;-;5;75;0.4;0.3945578231292517
283;2c_Hurink_rdata;14;1071.0;1073;1071.0;0.0;0.0018674136321195146;0.0;0.0;0.0018674136321195146;+;o;5;100;0.4;0.30049261083743845
284;2c_Hurink_rdata;15;936.0;938;936.0;0.0;0.002136752136752137;0.0;0.0;0.002136752136752137;+;o;5;100;0.4;0.2864321608040201
285;2c_Hurink_rdata;16;1038.0;1044;1038.0;0.0;0.005780346820809248;0.0;0.0;0.005780346820809248;+;o;5;100;0.4;0.30808080808080807
286;2c_Hurink_rdata;17;1070.0;1075;1070.0;0.0;0.004672897196261682;0.0;0.0;0.004672897196261682;+;o;5;100;0.4;0.3299492385786802
287;2c_Hurink_rdata;18;1090.0;1098;1090.0;0.0;0.007339449541284404;0.0;0.0;0.007339449541284404;+;o;5;100;0.4;0.3333333333333333
288;2c_Hurink_rdata;19;732.0;717;717.0;0.02092050209205021;0.0;0.0;0.02092050209205021;0.0;-;-;10;100;0.2;0.3034825870646766
289;2c_Hurink_rdata;20;646.0;646;646.0;0.0;0.0;0.0;0.0;0.0;o;o;10;100;0.2;0.29533678756476683
290;2c_Hurink_rdata;21;700.0;666;666.0;0.05105105105105105;0.0;0.0;0.05105105105105105;0.0;-;-;10;100;0.2;0.3065326633165829
291;2c_Hurink_rdata;22;711.0;700;700.0;0.015714285714285715;0.0;0.0;0.015714285714285715;0.0;-;-;10;100;0.2;0.33163265306122447
292;2c_Hurink_rdata;23;764.0;756;757.0;0.010582010582010581;0.0;0.0013227513227513227;0.009247027741083224;-0.001321003963011889;-;-;10;100;0.2;0.3316582914572864
293;2c_Hurink_rdata;24;926.0;847;835.0;0.1089820359281437;0.01437125748502994;0.0;0.1089820359281437;0.01437125748502994;-;-;10;150;0.2;0.24584717607973422
294;2c_Hurink_rdata;25;862.0;782;760.0;0.13421052631578947;0.02894736842105263;0.0;0.13421052631578947;0.02894736842105263;-;-;10;150;0.2;0.23529411764705882
295;2c_Hurink_rdata;26;915.0;874;842.0;0.08669833729216152;0.03800475059382423;0.0;0.08669833729216152;0.03800475059382423;-;-;10;150;0.2;0.238562091503268
296;2c_Hurink_rdata;27;886.0;833;808.0;0.09653465346534654;0.03094059405940594;0.0;0.09653465346534654;0.03094059405940594;-;-;10;150;0.2;0.25925925925925924
297;2c_Hurink_rdata;28;870.0;806;791.0;0.09987357774968394;0.018963337547408345;0.0;0.09987357774968394;0.018963337547408345;-;-;10;150;0.2;0.271523178807947
298;2c_Hurink_rdata;29;1138.0;1102;1061.0;0.07257304429783223;0.03864278982092366;0.0;0.07257304429783223;0.03864278982092366;-;-;10;200;0.2;0.21994884910485935
299;2c_Hurink_rdata;30;1167.0;1155;1091.0;0.06966086159486709;0.05866177818515124;0.0;0.06966086159486709;0.05866177818515124;-;-;10;200;0.2;0.20918367346938777
300;2c_Hurink_rdata;31;1149.0;1117;1080.0;0.06388888888888888;0.03425925925925926;0.0;0.06388888888888888;0.03425925925925926;-;-;10;200;0.2;0.21144278606965175
301;2c_Hurink_rdata;32;1069.0;1042;998.0;0.07114228456913828;0.04408817635270541;0.0;0.07114228456913828;0.04408817635270541;-;-;10;200;0.2;0.22055137844611528
302;2c_Hurink_rdata;33;1171.0;1141;1078.0;0.0862708719851577;0.05844155844155844;0.0;0.0862708719851577;0.05844155844155844;-;-;10;200;0.2;0.20408163265306123
303;2c_Hurink_rdata;34;1567.0;1577;1521.0;0.030243261012491782;0.036817882971729124;0.0;0.030243261012491782;0.036817882971729124;+;-;10;300;0.2;0.1597222222222222
304;2c_Hurink_rdata;35;1705.0;1802;1659.0;0.027727546714888487;0.0861965039180229;0.0;0.027727546714888487;0.0861965039180229;+;-;10;300;0.2;0.1606837606837607
305;2c_Hurink_rdata;36;1541.0;1599;1499.0;0.028018679119412943;0.066711140760507;0.0;0.028018679119412943;0.066711140760507;+;-;10;300;0.2;0.15834767641996558
306;2c_Hurink_rdata;37;1554.0;1614;1536.0;0.01171875;0.05078125;0.0;0.01171875;0.05078125;+;-;10;300;0.2;0.15753424657534246
307;2c_Hurink_rdata;38;1577.0;1654;1550.0;0.017419354838709676;0.06709677419354838;0.0;0.017419354838709676;0.06709677419354838;+;-;10;300;0.2;0.14864864864864866
308;2c_Hurink_rdata;39;1187.0;1023;1030.0;0.1603128054740958;0.0;0.006842619745845552;0.1524271844660194;-0.006796116504854369;-;-;15;225;0.13333333333333333;0.20045558086560364
309;2c_Hurink_rdata;40;1211.0;1087;1077.0;0.1244196843082637;0.009285051067780872;0.0;0.1244196843082637;0.009285051067780872;-;-;15;225;0.13333333333333333;0.21052631578947367
310;2c_Hurink_rdata;41;1105.0;954;962.0;0.15828092243186584;0.0;0.008385744234800839;0.14864864864864866;-0.008316008316008316;-;-;15;225;0.13333333333333333;0.18468468468468469
311;2c_Hurink_rdata;42;1162.0;1018;1018.0;0.14145383104125736;0.0;0.0;0.14145383104125736;0.0;-;-;15;225;0.13333333333333333;0.20412844036697247
312;2c_Hurink_rdata;43;1074.0;972;970.0;0.10721649484536082;0.002061855670103093;0.0;0.10721649484536082;0.002061855670103093;-;-;15;225;0.13333333333333333;0.19727891156462585
313;2c_Hurink_rdata;44;985.0;954;962.0;0.03249475890985325;0.0;0.008385744234800839;0.02390852390852391;-0.008316008316008316;-;-;10;100;0.2;0.21212121212121213
314;2c_Hurink_rdata;45;809.0;807;807.0;0.0024783147459727386;0.0;0.0;0.0024783147459727386;0.0;-;-;10;100;0.2;0.29381443298969073
315;2c_Hurink_rdata;46;673.0;570;544.0;0.23713235294117646;0.04779411764705882;0.0;0.23713235294117646;0.04779411764705882;-;-;15;300;0.13333333333333333;0.05110732538330494
316;2c_Hurink_rdata;47;699.0;577;555.0;0.2594594594594595;0.03963963963963964;0.0;0.2594594594594595;0.03963963963963964;-;-;15;300;0.13333333333333333;0.05181347150259067
317;2c_Hurink_rdata;48;690.0;570;562.0;0.2277580071174377;0.014234875444839857;0.0;0.2277580071174377;0.014234875444839857;-;-;15;300;0.13333333333333333;0.05136986301369863
318;2c_Hurink_rdata;49;5071.0;5066;5057.0;0.002768439786434645;0.0017797112912794147;0.0;0.002768439786434645;0.0017797112912794147;-;-;5;55;0.4;0.3783783783783784
319;2c_Hurink_rdata;50;5988.0;5987;5987.0;0.00016702856188408218;0.0;0.0;0.00016702856188408218;0.0;-;-;4;52;0.5;0.44
320;2c_Hurink_rdata;51;5654.0;5651;5626.0;0.004976892996800568;0.004443654461429079;0.0;0.004976892996800568;0.004443654461429079;-;-;5;60;0.4;0.32231404958677684
321;2c_Hurink_rdata;52;6521.0;6527;6518.0;0.00046026388462718626;0.0013807916538815588;0.0;0.00046026388462718626;0.0013807916538815588;+;-;4;56;0.5;0.36363636363636365
322;2c_Hurink_rdata;53;5785.0;5647;5764.0;0.024437754559943334;0.0;0.02071896582256065;0.0036433032616238724;-0.020298403886190145;-;-;6;60;0.3333333333333333;0.40869565217391307
323;2c_Hurink_rdata;54;6237.0;6147;6147.0;0.014641288433382138;0.0;0.0;0.014641288433382138;0.0;-;-;9;72;0.2222222222222222;0.4
324;2c_Hurink_rdata;55;4432.0;4425;4432.0;0.0015819209039548022;0.0;0.0015819209039548022;0.0;-0.00157942238267148;-;o;7;49;0.2857142857142857;0.4019607843137255
325;2c_Hurink_rdata;56;5748.0;5692;5692.0;0.009838369641602248;0.0;0.0;0.009838369641602248;0.0;-;-;8;64;0.25;0.2682926829268293
326;2c_Hurink_rdata;57;779.0;746;763.0;0.04423592493297587;0.0;0.022788203753351208;0.020969855832241154;-0.022280471821756225;-;-;10;100;0.2;0.336734693877551
327;2c_Hurink_rdata;58;728.0;696;703.0;0.04597701149425287;0.0;0.010057471264367816;0.03556187766714083;-0.00995732574679943;-;-;10;100;0.2;0.28426395939086296
328;2c_Hurink_rdata;59;746.0;712;720.0;0.047752808988764044;0.0;0.011235955056179775;0.03611111111111111;-0.011111111111111112;-;-;10;100;0.2;0.3076923076923077
329;2c_Hurink_rdata;60;781.0;753;753.0;0.03718459495351926;0.0;0.0;0.03718459495351926;0.0;-;-;10;100;0.2;0.30927835051546393
330;2c_Hurink_rdata;61;667.0;639;643.0;0.04381846635367762;0.0;0.006259780907668232;0.03732503888024884;-0.006220839813374806;-;-;10;100;0.2;0.3484848484848485
331;2c_Hurink_rdata;62;783.0;754;766.0;0.038461538461538464;0.0;0.015915119363395226;0.022193211488250653;-0.015665796344647518;-;-;10;100;0.2;0.32142857142857145
332;2c_Hurink_rdata;63;312.0;302;302.0;0.033112582781456956;0.0;0.0;0.033112582781456956;0.0;-;-;10;99;0.2;0.19387755102040816
333;2c_Hurink_rdata;64;656.0;639;651.0;0.026604068857589983;0.0;0.018779342723004695;0.007680491551459293;-0.018433179723502304;-;-;10;100;0.2;0.3128205128205128
334;2c_Hurink_rdata;65;730.0;694;694.0;0.05187319884726225;0.0;0.0;0.05187319884726225;0.0;-;-;10;100;0.2;0.3402061855670103
335;2c_Hurink_rdata;66;769.0;742;750.0;0.03638814016172507;0.0;0.01078167115902965;0.025333333333333333;-0.010666666666666666;-;-;10;100;0.2;0.32323232323232326
336;2d_Hurink_vdata;1;47.0;47;47.0;0.0;0.0;0.0;0.0;0.0;o;o;6;36;0.5;0.08737864077669903
337;2d_Hurink_vdata;2;655.0;655;655.0;0.0;0.0;0.0;0.0;0.0;o;o;10;100;0.5;0.13169642857142858
338;2d_Hurink_vdata;3;1023.0;1027;1022.0;0.0009784735812133072;0.004892367906066536;0.0;0.0009784735812133072;0.004892367906066536;+;-;5;100;0.5;0.22519083969465647
339;2d_Hurink_vdata;4;572.0;571;570.0;0.0035087719298245615;0.0017543859649122807;0.0;0.0035087719298245615;0.0017543859649122807;-;-;5;50;0.5;0.2676056338028169
340;2d_Hurink_vdata;5;531.0;530;529.0;0.003780718336483932;0.001890359168241966;0.0;0.003780718336483932;0.001890359168241966;-;-;5;50;0.5;0.291044776119403
341;2d_Hurink_vdata;6;478.0;478;477.0;0.0020964360587002098;0.0020964360587002098;0.0;0.0020964360587002098;0.0020964360587002098;o;-;5;50;0.5;0.3046875
342;2d_Hurink_vdata;7;503.0;503;502.0;0.00199203187250996;0.00199203187250996;0.0;0.00199203187250996;0.00199203187250996;o;-;5;50;0.5;0.31092436974789917
343;2d_Hurink_vdata;8;460.0;459;457.0;0.006564551422319475;0.00437636761487965;0.0;0.006564551422319475;0.00437636761487965;-;-;5;50;0.5;0.33613445378151263
344;2d_Hurink_vdata;9;801.0;801;799.0;0.0025031289111389237;0.0025031289111389237;0.0;0.0025031289111389237;0.0025031289111389237;o;-;5;75;0.5;0.2802197802197802
345;2d_Hurink_vdata;10;751.0;752;749.0;0.0026702269692923898;0.004005340453938585;0.0;0.0026702269692923898;0.004005340453938585;+;-;5;75;0.5;0.29120879120879123
346;2d_Hurink_vdata;11;766.0;767;765.0;0.00130718954248366;0.00261437908496732;0.0;0.00130718954248366;0.00261437908496732;+;-;5;75;0.5;0.25773195876288657
347;2d_Hurink_vdata;12;854.0;854;853.0;0.0011723329425556857;0.0011723329425556857;0.0;0.0011723329425556857;0.0011723329425556857;o;-;5;75;0.5;0.2578947368421053
348;2d_Hurink_vdata;13;805.0;805;804.0;0.0012437810945273632;0.0012437810945273632;0.0;0.0012437810945273632;0.0012437810945273632;o;-;5;75;0.5;0.29
349;2d_Hurink_vdata;14;1071.0;1074;1071.0;0.0;0.0028011204481792717;0.0;0.0;0.0028011204481792717;+;o;5;100;0.5;0.24110671936758893
350;2d_Hurink_vdata;15;936.0;941;936.0;0.0;0.005341880341880342;0.0;0.0;0.005341880341880342;+;o;5;100;0.5;0.22983870967741934
351;2d_Hurink_vdata;16;1039.0;1042;1038.0;0.0009633911368015414;0.0038535645472061657;0.0;0.0009633911368015414;0.0038535645472061657;+;-;5;100;0.5;0.24897959183673468
352;2d_Hurink_vdata;17;1070.0;1073;1070.0;0.0;0.002803738317757009;0.0;0.0;0.002803738317757009;+;o;5;100;0.5;0.26639344262295084
353;2d_Hurink_vdata;18;1090.0;1091;1089.0;0.0009182736455463728;0.0018365472910927456;0.0;0.0009182736455463728;0.0018365472910927456;+;-;5;100;0.5;0.2509505703422053
354;2d_Hurink_vdata;19;717.0;717;717.0;0.0;0.0;0.0;0.0;0.0;o;o;10;100;0.5;0.12978723404255318
355;2d_Hurink_vdata;20;646.0;646;646.0;0.0;0.0;0.0;0.0;0.0;o;o;10;100;0.5;0.11899791231732777
356;2d_Hurink_vdata;21;663.0;663;663.0;0.0;0.0;0.0;0.0;0.0;o;o;10;100;0.5;0.12734864300626306
357;2d_Hurink_vdata;22;647.0;617;617.0;0.04862236628849271;0.0;0.0;0.04862236628849271;0.0;-;-;10;100;0.5;0.13541666666666666
358;2d_Hurink_vdata;23;756.0;756;756.0;0.0;0.0;0.0;0.0;0.0;o;o;10;100;0.5;0.13552361396303902
359;2d_Hurink_vdata;24;866.0;828;804.0;0.07711442786069651;0.029850746268656716;0.0;0.07711442786069651;0.029850746268656716;-;-;10;150;0.5;0.1034965034965035
360;2d_Hurink_vdata;25;777.0;756;736.0;0.05570652173913043;0.02717391304347826;0.0;0.05570652173913043;0.02717391304347826;-;-;10;150;0.5;0.10635155096011817
361;2d_Hurink_vdata;26;854.0;848;815.0;0.04785276073619632;0.04049079754601227;0.0;0.04785276073619632;0.04049079754601227;-;-;10;150;0.5;0.10735294117647058
362;2d_Hurink_vdata;27;827.0;814;775.0;0.06709677419354838;0.05032258064516129;0.0;0.06709677419354838;0.05032258064516129;-;-;10;150;0.5;0.10591471801925723
363;2d_Hurink_vdata;28;807.0;796;756.0;0.06746031746031746;0.05291005291005291;0.0;0.06746031746031746;0.05291005291005291;-;-;10;150;0.5;0.11310344827586206
364;2d_Hurink_vdata;29;1074.0;1087;1054.0;0.018975332068311195;0.031309297912713474;0.0;0.018975332068311195;0.031309297912713474;+;-;10;200;0.5;0.09378407851690294
365;2d_Hurink_vdata;30;1103.0;1100;1084.0;0.017527675276752766;0.014760147601476014;0.0;0.017527675276752766;0.014760147601476014;-;-;10;200;0.5;0.08961748633879782
366;2d_Hurink_vdata;31;1093.0;1119;1070.0;0.02149532710280374;0.04579439252336449;0.0;0.02149532710280374;0.04579439252336449;+;-;10;200;0.5;0.0947603121516165
367;2d_Hurink_vdata;32;1016.0;1038;994.0;0.022132796780684104;0.04426559356136821;0.0;0.022132796780684104;0.04426559356136821;+;-;10;200;0.5;0.09988649262202043
368;2d_Hurink_vdata;33;1106.0;1086;1069.0;0.03461178671655753;0.015902712815715623;0.0;0.03461178671655753;0.015902712815715623;-;-;10;200;0.5;0.08602150537634409
369;2d_Hurink_vdata;34;1685.0;1600;1520.0;0.10855263157894737;0.05263157894736842;0.0;0.10855263157894737;0.05263157894736842;-;-;10;300;0.5;0.06666666666666667
370;2d_Hurink_vdata;35;1853.0;1723;1658.0;0.11761158021712907;0.039203860072376355;0.0;0.11761158021712907;0.039203860072376355;-;-;10;300;0.5;0.06901615271659324
371;2d_Hurink_vdata;36;1611.0;1544;1497.0;0.07615230460921844;0.03139612558450234;0.0;0.07615230460921844;0.03139612558450234;-;-;10;300;0.5;0.06794682422451995
372;2d_Hurink_vdata;37;1638.0;1639;1535.0;0.06710097719869706;0.06775244299674267;0.0;0.06710097719869706;0.06775244299674267;+;-;10;300;0.5;0.06633020908435472
373;2d_Hurink_vdata;38;1717.0;1641;1549.0;0.10845706907682376;0.05939315687540349;0.0;0.10845706907682376;0.05939315687540349;-;-;10;300;0.5;0.06312769010043041
374;2d_Hurink_vdata;39;1011.0;948;948.0;0.06645569620253164;0.0;0.0;0.06645569620253164;0.0;-;-;15;225;0.5;0.058394160583941604
375;2d_Hurink_vdata;40;1047.0;986;986.0;0.061866125760649086;0.0;0.0;0.061866125760649086;0.0;-;-;15;225;0.5;0.06166219839142091
376;2d_Hurink_vdata;41;970.0;943;943.0;0.02863202545068929;0.0;0.0;0.02863202545068929;0.0;-;-;15;225;0.5;0.05544286680189317
377;2d_Hurink_vdata;42;994.0;922;922.0;0.07809110629067245;0.0;0.0;0.07809110629067245;0.0;-;-;15;225;0.5;0.06054421768707483
378;2d_Hurink_vdata;43;971.0;955;955.0;0.016753926701570682;0.0;0.0;0.016753926701570682;0.0;-;-;15;225;0.5;0.059670781893004114
379;2d_Hurink_vdata;44;871.0;859;860.0;0.013969732246798603;0.0;0.0011641443538998836;0.012790697674418604;-0.0011627906976744186;-;-;10;100;0.5;0.08993576017130621
380;2d_Hurink_vdata;45;742.0;742;742.0;0.0;0.0;0.0;0.0;0.0;o;o;10;100;0.5;0.13286713286713286
381;2d_Hurink_vdata;46;681.0;530;495.0;0.37575757575757573;0.0707070707070707;0.0;0.37575757575757573;0.0707070707070707;-;-;15;300;0.5;0.015376729882111738
382;2d_Hurink_vdata;47;710.0;575;509.0;0.3948919449901768;0.12966601178781925;0.0;0.3948919449901768;0.12966601178781925;-;-;15;300;0.5;0.015205271160669031
383;2d_Hurink_vdata;48;674.0;571;500.0;0.348;0.142;0.0;0.348;0.142;-;-;15;300;0.5;0.015045135406218655
384;2d_Hurink_vdata;49;5008.0;5016;5013.0;0.0;0.001597444089456869;0.000998402555910543;-0.000997406742469579;0.0005984440454817474;+;+;5;55;0.5;0.2781456953642384
385;2d_Hurink_vdata;50;5931.0;5930;5930.0;0.00016863406408094435;0.0;0.0;0.00016863406408094435;0.0;-;-;4;52;0.5;0.3697478991596639
386;2d_Hurink_vdata;51;5606.0;5606;5600.0;0.0010714285714285715;0.0010714285714285715;0.0;0.0010714285714285715;0.0010714285714285715;o;-;5;60;0.5;0.25
387;2d_Hurink_vdata;52;6516.0;6516;6517.0;0.0;0.0;0.0001534683855125844;-0.00015344483658124905;-0.00015344483658124905;o;+;4;56;0.5;0.3418803418803419
388;2d_Hurink_vdata;53;4974.0;4955;4932.0;0.00851581508515815;0.004663422546634225;0.0;0.00851581508515815;0.004663422546634225;-;-;6;60;0.5;0.27647058823529413
389;2d_Hurink_vdata;54;5486.0;5486;5486.0;0.0;0.0;0.0;0.0;0.0;o;o;9;72;0.5;0.19047619047619047
390;2d_Hurink_vdata;55;4281.0;4281;4281.0;0.0;0.0;0.0;0.0;0.0;o;o;7;49;0.5;0.24260355029585798
391;2d_Hurink_vdata;56;4613.0;4613;4613.0;0.0;0.0;0.0;0.0;0.0;o;o;8;64;0.5;0.12992125984251968
392;2d_Hurink_vdata;57;695.0;695;695.0;0.0;0.0;0.0;0.0;0.0;o;o;10;100;0.5;0.14798206278026907
393;2d_Hurink_vdata;58;627.0;620;620.0;0.01129032258064516;0.0;0.0;0.01129032258064516;0.0;-;-;10;100;0.5;0.12727272727272726
394;2d_Hurink_vdata;59;648.0;648;648.0;0.0;0.0;0.0;0.0;0.0;o;o;10;100;0.5;0.1284796573875803
395;2d_Hurink_vdata;60;753.0;753;753.0;0.0;0.0;0.0;0.0;0.0;o;o;10;100;0.5;0.12738853503184713
396;2d_Hurink_vdata;61;586.0;584;584.0;0.003424657534246575;0.0;0.0;0.003424657534246575;0.0;-;-;10;100;0.5;0.14465408805031446
397;2d_Hurink_vdata;62;715.0;715;715.0;0.0;0.0;0.0;0.0;0.0;o;o;10;100;0.5;0.13179916317991633
398;2d_Hurink_vdata;63;281.0;275;275.0;0.02181818181818182;0.0;0.0;0.02181818181818182;0.0;-;-;10;99;0.5;0.08444444444444445
399;2d_Hurink_vdata;64;573.0;573;573.0;0.0;0.0;0.0;0.0;0.0;o;o;10;100;0.5;0.13406593406593406
400;2d_Hurink_vdata;65;659.0;659;659.0;0.0;0.0;0.0;0.0;0.0;o;o;10;100;0.5;0.1476510067114094
401;2d_Hurink_vdata;66;681.0;681;681.0;0.0;0.0;0.0;0.0;0.0;o;o;10;100;0.5;0.1419068736141907
